spp_id,aoh,country
61839,0.00263190768959127,CHN
78520013,9.600277932560338e-4,CHN
